filename,img
男子吃一块隔夜冰西瓜竟致小肠坏死很多人还在这样吃.jpg,./百思不得姐－内涵段子，冷笑话，搞笑图片，成人笑话，不得姐分享社区，第1页_files/5b683c1998766_1.jpg
实名曝光8个渣男大家千万小心.jpg,./百思不得姐－内涵段子，冷笑话，搞笑图片，成人笑话，不得姐分享社区，第1页_files/5b698c67d60ff_1.jpg
这名字取的跟闹着玩似的姐夫们能不能给他们改个好听的名字.gif,./百思不得姐－内涵段子，冷笑话，搞笑图片，成人笑话，不得姐分享社区，第1页_files/5b68195111a39.gif
刚买的西瓜是不是西瓜还没熟就是这个样子的？.gif,./百思不得姐－内涵段子，冷笑话，搞笑图片，成人笑话，不得姐分享社区，第1页_files/5b68756a58d03.gif
如果狒狒会说人话他肯定是在说：喂…你怎么只给我吃了一口就跑了呀我还没吃饱啊…喂喂喂…给我回来呀哈哈哈.png,./百思不得姐－内涵段子，冷笑话，搞笑图片，成人笑话，不得姐分享社区，第1页_files/default.png
你的房子失火了你只能选择一样东西你会救什么？.png,./百思不得姐－内涵段子，冷笑话，搞笑图片，成人笑话，不得姐分享社区，第1页_files/default.png
这就是为啥说《夏洛特烦恼》和《西虹市首富》是姊妹篇.png,./百思不得姐－内涵段子，冷笑话，搞笑图片，成人笑话，不得姐分享社区，第1页_files/default.png
据说每个人或多或少都有点强迫症说一说你最受不了什么？.png,./百思不得姐－内涵段子，冷笑话，搞笑图片，成人笑话，不得姐分享社区，第1页_files/default.png
“你开的什么车？”“宝马”.png,./百思不得姐－内涵段子，冷笑话，搞笑图片，成人笑话，不得姐分享社区，第1页_files/default.png
一个人的城市自己给自己过了个生日祝我生日快乐祝我生日.png,./百思不得姐－内涵段子，冷笑话，搞笑图片，成人笑话，不得姐分享社区，第1页_files/default.png
街头采访：如果一个28岁收入只有4000的男人向你求婚你愿意吗？.png,./百思不得姐－内涵段子，冷笑话，搞笑图片，成人笑话，不得姐分享社区，第1页_files/default.png
无论“药神”还是“首富”都告诉你一个真理：没事还是多挣点钱吧~.png,./百思不得姐－内涵段子，冷笑话，搞笑图片，成人笑话，不得姐分享社区，第1页_files/default.png
在你们那儿这东西叫啥名字？多少钱一套？.png,./百思不得姐－内涵段子，冷笑话，搞笑图片，成人笑话，不得姐分享社区，第1页_files/default.png
我的天呢四胞胎千金这是上辈子拯救银河系了吧.png,./百思不得姐－内涵段子，冷笑话，搞笑图片，成人笑话，不得姐分享社区，第1页_files/default.png
去过的哪些地方让你感觉名副其实？.png,./百思不得姐－内涵段子，冷笑话，搞笑图片，成人笑话，不得姐分享社区，第1页_files/default.png
今日话题：你交女朋友喜欢软妹子还是女王范？给个理由～.png,./百思不得姐－内涵段子，冷笑话，搞笑图片，成人笑话，不得姐分享社区，第1页_files/default.png
七言絕句滚滚红尘水月前芸芸众象镜花天焉知旧日随风去似梦云飞数岁年.png,./百思不得姐－内涵段子，冷笑话，搞笑图片，成人笑话，不得姐分享社区，第1页_files/default.png
左手的世界…抢厕所.png,./百思不得姐－内涵段子，冷笑话，搞笑图片，成人笑话，不得姐分享社区，第1页_files/default.png
被老虎咬到腿了怎么办？在线等急.png,./百思不得姐－内涵段子，冷笑话，搞笑图片，成人笑话，不得姐分享社区，第1页_files/default.png
夏天就应该像宫崎骏的动画一样吹着风扇吃着西瓜.png,./百思不得姐－内涵段子，冷笑话，搞笑图片，成人笑话，不得姐分享社区，第1页_files/default.png
